1,2.9134750366210938e-05,2.3818016052246095e-05
51,4.189014434814453e-05,6.568431854248047e-05
101,5.83648681640625e-05,7.200241088867188e-05
151,7.987022399902344e-05,0.0001235485076904297
201,0.00011920928955078125,0.0001423358917236328
251,0.00012488365173339843,0.00016410350799560546
301,0.00014662742614746094,0.0002050161361694336
351,0.00017602443695068358,0.0002564907073974609
401,0.00020911693572998047,0.0003069639205932617
451,0.00024192333221435548,0.00037260055541992186
501,0.0002785921096801758,0.00047435760498046873
551,0.00033016204833984374,0.000546717643737793
601,0.0003754615783691406,0.000669097900390625
651,0.0005906820297241211,0.0006120920181274414
701,0.0005319833755493164,0.0008236885070800782
751,0.0004888057708740234,0.0007875204086303711
801,0.00054931640625,0.0007791757583618164
851,0.0006283998489379882,0.0008772850036621094
901,0.0006969690322875977,0.0010760068893432618
951,0.0006638050079345703,0.0011569023132324218
1001,0.0007807016372680664,0.00112762451171875
1051,0.0007628440856933594,0.0014643669128417969
1101,0.0008239030838012695,0.0013520956039428712
1151,0.0008672714233398437,0.001513504981994629
1201,0.0009220123291015625,0.0013921499252319337
1251,0.0009685039520263671,0.00167083740234375
1301,0.0010351181030273438,0.0015503406524658204
1351,0.001135706901550293,0.0017624139785766602
1401,0.0011564970016479492,0.001902008056640625
1451,0.0012202978134155274,0.0017822265625
1501,0.0013626575469970702,0.002046489715576172
1551,0.0013575077056884766,0.0023534536361694337
1601,0.001420879364013672,0.0023279428482055665
1651,0.0015654802322387696,0.0023051977157592775
1701,0.0016081809997558593,0.002362513542175293
1751,0.0017379999160766601,0.0025235414505004883
1801,0.0017862319946289062,0.002614927291870117
1851,0.0018540143966674805,0.0028289079666137694
1901,0.0018773555755615234,0.003171992301940918
1951,0.001954936981201172,0.0031674385070800783
2001,0.00202481746673584,0.003095412254333496
2051,0.0021192312240600588,0.0033574342727661134
2101,0.0022193193435668945,0.003249788284301758
2151,0.0023423433303833008,0.0034332275390625
2201,0.0023856878280639647,0.0036055803298950194
2251,0.002480626106262207,0.0036544322967529295
2301,0.002566695213317871,0.003798031806945801
2351,0.0026651620864868164,0.003982281684875489
2401,0.0027673006057739257,0.004072785377502441
2451,0.002866101264953613,0.004329156875610351
2501,0.0029849767684936523,0.004369282722473144
2551,0.0030756711959838865,0.004499697685241699
2601,0.0031789302825927734,0.004626727104187012
2651,0.0033035516738891602,0.004748487472534179
2701,0.0034054040908813475,0.0049518108367919925
2751,0.003538179397583008,0.005098676681518555
2801,0.003691887855529785,0.005153036117553711
2851,0.0038633108139038085,0.005375218391418457
2901,0.003971695899963379,0.0055953264236450195
2951,0.004069137573242188,0.0056457042694091795
3001,0.004214835166931152,0.005783367156982422
3051,0.004347801208496094,0.005982017517089844
3101,0.0044499397277832035,0.006330537796020508
3151,0.004605889320373535,0.006345987319946289
3201,0.004725265502929688,0.007260727882385254
3251,0.00504598617553711,0.0068603515625
3301,0.005195713043212891,0.007248497009277344
3351,0.005172443389892578,0.007277107238769532
3401,0.005298256874084473,0.007410955429077148
3451,0.005450224876403809,0.007743978500366211
3501,0.005753779411315918,0.00791935920715332
3551,0.005880045890808106,0.008132719993591308
3601,0.0060211181640625,0.008224678039550782
3651,0.006172060966491699,0.008504486083984375
3701,0.006320381164550781,0.008677172660827636
3751,0.006337189674377441,0.008856201171875
3801,0.006619930267333984,0.009552097320556641
3851,0.006773662567138672,0.009248089790344239
3901,0.006968998908996582,0.009538030624389649
3951,0.007105278968811035,0.009552621841430664
4001,0.007412028312683105,0.009659457206726074
4051,0.007297515869140625,0.010007405281066894
4101,0.0074558258056640625,0.010242271423339843
4151,0.007699131965637207,0.010621476173400878
4201,0.007815313339233399,0.010440468788146973
4251,0.008115601539611817,0.010879015922546387
4301,0.008402776718139649,0.011372113227844238
4351,0.008494424819946288,0.011215424537658692
4401,0.008532285690307617,0.011482977867126464
4451,0.008841991424560547,0.01197676658630371
4501,0.009039163589477539,0.01201784610748291
4551,0.009207320213317872,0.012301921844482422
4601,0.009418344497680664,0.012415814399719238
4651,0.009605717658996583,0.012793135643005372
4701,0.009650444984436036,0.012780189514160156
4751,0.00985097885131836,0.013137269020080566
4801,0.010188531875610352,0.013442420959472656
4851,0.010399484634399414,0.013737368583679199
4901,0.010454416275024414,0.013442397117614746
4951,0.0106553316116333,0.01367945671081543
5001,0.010867428779602051,0.014036035537719727
5051,0.0110426664352417,0.01417977809906006
5101,0.011271166801452636,0.014529681205749512
5151,0.011498308181762696,0.014904451370239259
5201,0.011688041687011718,0.015184402465820312
5251,0.011925601959228515,0.015396809577941895
5301,0.012127399444580078,0.0159348726272583
5351,0.012360954284667968,0.016742992401123046
5401,0.012577629089355469,0.017026543617248535
5451,0.012785077095031738,0.017131948471069337
5501,0.013029336929321289,0.017237210273742677
5551,0.013250470161437988,0.01745576858520508
5601,0.013472342491149902,0.017719316482543945
5651,0.01373286247253418,0.017943263053894043
5701,0.014103412628173828,0.017980146408081054
5751,0.014328718185424805,0.018952703475952147
5801,0.014577841758728028,0.01867983341217041
5851,0.014666414260864258,0.01952097415924072
5901,0.014918971061706542,0.01963059902191162
5951,0.015451812744140625,0.020774006843566895
6001,0.01542205810546875,0.019901108741760255
6051,0.015824007987976074,0.019921231269836425
6101,0.016092658042907715,0.02044856548309326
6151,0.016318106651306154,0.020627331733703614
6201,0.016594338417053222,0.02113659381866455
6251,0.016855549812316895,0.02154850959777832
6301,0.017093515396118163,0.02168281078338623
6351,0.017244720458984376,0.021875
6401,0.017483615875244142,0.02190420627593994
6451,0.017745351791381835,0.022314691543579103
6501,0.01804955005645752,0.022638630867004395
6551,0.01829240322113037,0.02285799980163574
6601,0.018601298332214355,0.02365548610687256
6651,0.018891310691833495,0.02383270263671875
6701,0.01915602684020996,0.024347209930419923
6751,0.019544410705566406,0.024494695663452148
6801,0.019878864288330078,0.024825239181518556
6851,0.020124435424804688,0.025048542022705077
6901,0.020439577102661134,0.025432825088500977
6951,0.020584535598754884,0.025736117362976076
7001,0.020871663093566896,0.025715851783752443
7051,0.021168851852416994,0.02639613151550293
7101,0.02164905071258545,0.026854825019836426
7151,0.021923828125,0.02719268798828125
7201,0.022075366973876954,0.02727642059326172
7251,0.022406983375549316,0.02783479690551758
7301,0.022695636749267577,0.028362846374511717
7351,0.02314140796661377,0.028428530693054198
7401,0.023317384719848632,0.02902359962463379
7451,0.023621273040771485,0.029349040985107423
7501,0.02394576072692871,0.02972698211669922
7551,0.024271416664123534,0.029952287673950195
7601,0.024730801582336426,0.03109757900238037
7651,0.02506704330444336,0.03108484745025635
7701,0.025252366065979005,0.03118729591369629
7751,0.025704073905944824,0.03194637298583984
7801,0.025873875617980956,0.03223836421966553
7851,0.026215410232543944,0.03255941867828369
7901,0.026578664779663086,0.03247532844543457
7951,0.02703902721405029,0.03302199840545654
8001,0.027269268035888673,0.03357846736907959
8051,0.02758486270904541,0.034003281593322755
8101,0.028068184852600098,0.03453581333160401
8151,0.0282867431640625,0.034764218330383304
8201,0.02877647876739502,0.03527731895446777
8251,0.02904090881347656,0.03539927005767822
8301,0.02935175895690918,0.03582112789154053
8351,0.02983419895172119,0.03633773326873779
8401,0.03021218776702881,0.03676173686981201
8451,0.030585479736328126,0.036992120742797854
8501,0.030965304374694823,0.03756709098815918
8551,0.03130900859832764,0.03779284954071045
8601,0.0316807746887207,0.03830175399780274
8651,0.03189990520477295,0.03836071491241455
8701,0.03247082233428955,0.03868379592895508
8751,0.032662487030029295,0.03919992446899414
8801,0.03307356834411621,0.03991043567657471
8851,0.03341546058654785,0.04031171798706055
8901,0.03396332263946533,0.04093236923217773
8951,0.03422477245330811,0.04147152900695801
9001,0.03460524082183838,0.041934418678283694
9051,0.03498680591583252,0.0427875280380249
9101,0.03538038730621338,0.04337253570556641
9151,0.03594377040863037,0.044183897972106936
9201,0.03632113933563232,0.04343345165252686
9251,0.036556339263916014,0.0430797815322876
9301,0.037021636962890625,0.04383947849273682
9351,0.03756635189056397,0.04507758617401123
9401,0.037819075584411624,0.04599118232727051
9451,0.038235950469970706,0.04564778804779053
9501,0.0388521671295166,0.04619603157043457
9551,0.0391862154006958,0.04692275524139404
9601,0.03948633670806885,0.04744775295257568
9651,0.03988199234008789,0.047401261329650876
9701,0.04051058292388916,0.0484393835067749
9751,0.04131650924682617,0.04906294345855713
9801,0.04120681285858154,0.04941956996917725
9851,0.04165651798248291,0.04972131252288818
9901,0.042603707313537596,0.05026025772094726
9951,0.042607593536376956,0.05057413578033447
10001,0.04290838241577148,0.05096681118011474
10051,0.04338061809539795,0.05137767791748047
10101,0.043777632713317874,0.05240893363952637
10151,0.04424605369567871,0.05244929790496826
10201,0.04465470314025879,0.05322842597961426
10251,0.04511799812316895,0.053495049476623535
10301,0.04557950496673584,0.054049205780029294
10351,0.04617011547088623,0.05452132225036621
10401,0.04710822105407715,0.055219602584838864
10451,0.047095870971679686,0.0558032751083374
10501,0.04756078720092773,0.05625507831573486
10551,0.048506546020507815,0.056695556640625
10601,0.048363113403320314,0.05732684135437012
10651,0.04896290302276611,0.05739755630493164
10701,0.04946432113647461,0.0582716703414917
10751,0.0497899055480957,0.05856742858886719
10801,0.050410890579223634,0.05989668369293213
10851,0.05080502033233643,0.05983843803405762
10901,0.051238417625427246,0.0602869987487793
10951,0.05168352127075195,0.06085329055786133
11001,0.05224101543426514,0.061278772354125974
11051,0.05279355049133301,0.06199350357055664
11101,0.05336208343505859,0.062403750419616696
11151,0.053906822204589845,0.06280577182769775
11201,0.05418629646301269,0.06370468139648437
11251,0.05481069087982178,0.06357944011688232
11301,0.0552044153213501,0.06442110538482666
11351,0.055718278884887694,0.06479444503784179
11401,0.05620760917663574,0.06525280475616455
11451,0.05671417713165283,0.06631247997283936
11501,0.05722932815551758,0.06652255058288574
11551,0.05772974491119385,0.06724817752838134
11601,0.05827829837799072,0.06817333698272705
11651,0.058785629272460935,0.06819665431976318
11701,0.05929131507873535,0.068721604347229
11751,0.05981321334838867,0.06994421482086181
11801,0.06040022373199463,0.0704204797744751
11851,0.060865235328674314,0.07103550434112549
11901,0.06139681339263916,0.07152383327484131
11951,0.06199588775634766,0.07222702503204345
12001,0.0625070333480835,0.07324845790863037
12051,0.06303346157073975,0.07313363552093506
12101,0.06358349323272705,0.07374935150146485
12151,0.06408867835998536,0.07746529579162598
12201,0.06491758823394775,0.07498939037322998
12251,0.0652092456817627,0.07623562812805176
12301,0.06687922477722168,0.07682592868804931
12351,0.0664369821548462,0.07684762477874756
12401,0.06685526371002197,0.07747108936309814
12451,0.06743512153625489,0.07763702869415283
12501,0.06801197528839112,0.07850210666656494
12551,0.06855580806732178,0.07906966209411621
12601,0.06911616325378418,0.07977895736694336
12651,0.06964941024780273,0.08030259609222412
12701,0.0702566385269165,0.08074126243591309
12751,0.0707857847213745,0.08224878311157227
12801,0.07137167453765869,0.08256006240844727
12851,0.07199437618255615,0.08287558555603028
12901,0.07252891063690185,0.0837416410446167
12951,0.07313635349273681,0.08382341861724854
13001,0.07370409965515137,0.08469340801239014
13051,0.07427012920379639,0.08546440601348877
13101,0.07487239837646484,0.08616440296173096
13151,0.0755094051361084,0.0865511178970337
13201,0.07607772350311279,0.08707518577575683
13251,0.07678403854370117,0.08767948150634766
13301,0.07745482921600341,0.08875722885131836
13351,0.07798483371734619,0.08981378078460693
13401,0.07844839096069336,0.08933312892913818
13451,0.07900371551513671,0.09025735855102539
13501,0.07968668937683106,0.09135768413543702
13551,0.08024170398712158,0.09181931018829345
13601,0.08083872795104981,0.09266974925994872
13651,0.08160741329193115,0.09325041770935058
13701,0.08224186897277833,0.09377088546752929
13751,0.08269972801208496,0.09506313800811768
13801,0.08330137729644775,0.09488911628723144
13851,0.0840954065322876,0.09611082077026367
13901,0.08464348316192627,0.096700119972229
13951,0.08520750999450684,0.0975531816482544
14001,0.08581502437591552,0.09898390769958496
14051,0.08663508892059327,0.09837160110473633
14101,0.08730845451354981,0.09948620796203614
14151,0.08800759315490722,0.10026762485504151
14201,0.08851675987243653,0.10100007057189941
14251,0.08908510208129883,0.10121395587921142
14301,0.08973414897918701,0.10236177444458008
14351,0.09034514427185059,0.10276281833648682
14401,0.09101738929748535,0.10347843170166016
14451,0.09165742397308349,0.10434398651123047
14501,0.09300649166107178,0.10517864227294922
14551,0.0931365966796875,0.10552833080291749
14601,0.0936345100402832,0.10637826919555664
14651,0.09428277015686035,0.10678935050964355
14701,0.09497783184051514,0.10773613452911376
14751,0.09564087390899659,0.10813193321228028
14801,0.09636228084564209,0.10894134044647216
14851,0.09696693420410156,0.10975103378295899
14901,0.0983078956604004,0.1105241060256958
14951,0.09828641414642333,0.11127204895019531
15001,0.0991288661956787,0.11251108646392823
15051,0.09977169036865234,0.11333608627319336
15101,0.10051834583282471,0.11366643905639648
15151,0.10106432437896729,0.11478290557861329
15201,0.10175392627716065,0.11483578681945801
15251,0.1023777961730957,0.11607389450073242
15301,0.10330822467803955,0.116485333442688
15351,0.10386788845062256,0.11747257709503174
15401,0.10464630126953126,0.11804659366607666
15451,0.10533428192138672,0.11865363121032715
15501,0.10798335075378418,0.11927764415740967
15551,0.10667970180511474,0.1200653076171875
15601,0.10815341472625732,0.12143619060516357
15651,0.10830824375152588,0.12189409732818604
15701,0.1088346004486084,0.12237062454223632
15751,0.1097137451171875,0.12348425388336182
15801,0.11028575897216797,0.12488889694213867
15851,0.11093878746032715,0.12567293643951416
15901,0.11186952590942383,0.12618980407714844
15951,0.11242043972015381,0.12657456398010253
16001,0.11316876411437989,0.12775101661682128
16051,0.11388077735900878,0.12786073684692384
16101,0.11463539600372315,0.12838099002838135
16151,0.1153684377670288,0.12938165664672852
16201,0.11613786220550537,0.13092448711395263
16251,0.1167679786682129,0.13112189769744872
16301,0.11752598285675049,0.1322187900543213
16351,0.11848981380462646,0.13323352336883545
16401,0.11931083202362061,0.13398728370666504
16451,0.11983115673065185,0.1343134641647339
16501,0.12065534591674805,0.13518786430358887
16551,0.12137129306793212,0.13619441986083985
16601,0.12215995788574219,0.13675179481506347
16651,0.12306177616119385,0.13757963180541993
16701,0.12360274791717529,0.13943607807159425
16751,0.12444932460784912,0.1395092487335205
16801,0.12556631565093995,0.14076857566833495
16851,0.12679390907287597,0.14114575386047362
16901,0.12681565284729004,0.14139304161071778
16951,0.12756748199462892,0.14233887195587158
17001,0.12833456993103026,0.1429368495941162
17051,0.1290950059890747,0.14514966011047364
17101,0.13006556034088135,0.1457210063934326
17151,0.13069427013397217,0.14626009464263917
17201,0.13147079944610596,0.1456442356109619
17251,0.13225185871124268,0.14686665534973145
17301,0.13304057121276855,0.14789016246795655
17351,0.1344694137573242,0.14939939975738525
17401,0.134736967086792,0.15069029331207276
17451,0.13555552959442138,0.1517719268798828
17501,0.13626439571380616,0.15166769027709961
17551,0.1371046781539917,0.152032208442688
17601,0.13844282627105714,0.1529621362686157
17651,0.1388256788253784,0.15380430221557617
17701,0.139566969871521,0.15495924949645995
17751,0.14027049541473388,0.15532021522521972
17801,0.14412825107574462,0.15737454891204833
17851,0.14198403358459472,0.15846669673919678
17901,0.14282331466674805,0.15838239192962647
17951,0.14354991912841797,0.15976476669311523
18001,0.14438068866729736,0.1605818271636963
18051,0.14523851871490479,0.16216623783111572
18101,0.1466097354888916,0.16246752738952636
18151,0.14701340198516846,0.16345129013061524
18201,0.14783475399017335,0.16495742797851562
18251,0.1485356330871582,0.16545312404632567
18301,0.15011959075927733,0.16644203662872314
18351,0.15086376667022705,0.16678333282470703
18401,0.15122718811035157,0.16770431995391846
18451,0.15194289684295653,0.1689284086227417
18501,0.1527845859527588,0.16952908039093018
18551,0.1536968469619751,0.17061431407928468
18601,0.15476632118225098,0.17088470458984376
18651,0.15546817779541017,0.17207589149475097
18701,0.15685880184173584,0.1729602336883545
18751,0.1577517032623291,0.17408499717712403
18801,0.15796256065368652,0.17482538223266603
18851,0.15893568992614746,0.1755884885787964
18901,0.1598074197769165,0.1762282133102417
18951,0.1606959342956543,0.17747271060943604
19001,0.16202409267425538,0.179341459274292
19051,0.1625164270401001,0.17983899116516114
19101,0.1634122610092163,0.1799318552017212
19151,0.1640716314315796,0.18138585090637208
19201,0.16505234241485595,0.18233346939086914
19251,0.16627247333526612,0.1831991195678711
19301,0.16687419414520263,0.18483169078826905
19351,0.16784269809722902,0.18565871715545654
19401,0.1686941862106323,0.186067533493042
19451,0.1694807767868042,0.18717422485351562
19501,0.17056615352630616,0.19669036865234374
19551,0.1748591423034668,0.18860442638397218
19601,0.17227089405059814,0.19353811740875243
19651,0.17317612171173097,0.19514155387878418
19701,0.17415118217468262,0.19201438426971434
19751,0.17513489723205566,0.1924351453781128
19801,0.17649989128112792,0.1943192720413208
19851,0.1769881010055542,0.1950916290283203
19901,0.1777813196182251,0.19513683319091796
19951,0.17868478298187257,0.19693965911865235
20001,0.1795957326889038,0.19778680801391602
20051,0.18059349060058594,0.1995551347732544
20101,0.18149223327636718,0.19906892776489257
20151,0.1824100971221924,0.20062487125396727
20201,0.18342552185058594,0.20272452831268312
20251,0.18430583477020263,0.203178334236145
20301,0.18530573844909667,0.20445168018341064
20351,0.18620650768280028,0.20526528358459473
20401,0.18774080276489258,0.20597465038299562
20451,0.18799450397491455,0.20695037841796876
20501,0.18912191390991212,0.20750396251678466
20551,0.18993208408355713,0.20846381187438964
20601,0.19143569469451904,0.21024794578552247
20651,0.1924830675125122,0.2109600782394409
20701,0.1928661823272705,0.2115910291671753
20751,0.19384171962738037,0.2127920866012573
20801,0.1947303295135498,0.21349103450775148
20851,0.19585225582122803,0.2147911787033081
20901,0.19657673835754394,0.2160930633544922
20951,0.1978304147720337,0.21680009365081787
21001,0.19871072769165038,0.2176267147064209
21051,0.19952175617218018,0.21885104179382325
21101,0.20052952766418458,0.21982381343841553
21151,0.20244228839874268,0.22046034336090087
21201,0.20339882373809814,0.298617959022522
21251,0.25243172645568845,0.22605314254760742
21301,0.20472249984741211,0.22472000122070312
21351,0.205698823928833,0.22488303184509278
21401,0.2066112995147705,0.22739677429199218
21451,0.20825839042663574,0.22717101573944093
21501,0.20872821807861328,0.22806644439697266
21551,0.20969693660736083,0.22975664138793944
21601,0.21048216819763182,0.2309114933013916
21651,0.21161229610443116,0.23134248256683348
21701,0.21266956329345704,0.23268742561340333
21751,0.21384503841400146,0.23334980010986328
21801,0.21460380554199218,0.23725297451019287
21851,0.21574838161468507,0.23597309589385987
21901,0.21689906120300292,0.23605260848999024
21951,0.21783602237701416,0.23763613700866698
22001,0.21879034042358397,0.23986642360687255
22051,0.22004711627960205,0.23997719287872316
22101,0.2209928274154663,0.2420812129974365
22151,0.2221318244934082,0.2429959774017334
22201,0.22314052581787108,0.24476830959320067
22251,0.22410428524017334,0.24665663242340088
22301,0.22504045963287353,0.2471681833267212
22351,0.2260258674621582,0.24676120281219482
22401,0.22743043899536133,0.24884421825408937
22451,0.2288206100463867,0.2501387357711792
22501,0.23003902435302734,0.2501816749572754
22551,0.230568790435791,0.2514376401901245
22601,0.23149702548980713,0.2518956661224365
22651,0.23258204460144044,0.253159499168396
22701,0.23356382846832274,0.2544776678085327
22751,0.2345989465713501,0.25515711307525635
22801,0.2357091188430786,0.2570566892623901
22851,0.23725457191467286,0.2583352327346802
22901,0.23795828819274903,0.25894505977630616
22951,0.23883137702941895,0.2607647657394409
23001,0.24009380340576172,0.26119468212127683
23051,0.24094696044921876,0.2656467199325562
23101,0.24236419200897216,0.26397640705108644
23151,0.24356837272644044,0.264051628112793
23201,0.24448530673980712,0.26596500873565676
23251,0.24599692821502686,0.2669392108917236
23301,0.24663925170898438,0.2681312322616577
23351,0.24766671657562256,0.26903524398803713
23401,0.24888782501220702,0.2706439733505249
23451,0.24995136260986328,0.2721903085708618
23501,0.25117528438568115,0.27268075942993164
23551,0.2520587682723999,0.27412734031677244
23601,0.25352632999420166,0.2744035005569458
23651,0.25524399280548093,0.27639968395233155
23701,0.25567538738250734,0.27772295475006104
23751,0.25679290294647217,0.278824782371521
23801,0.2578288078308105,0.2806914567947388
23851,0.2590192794799805,0.2804790735244751
23901,0.26002163887023927,0.2813669919967651
23951,0.2612243890762329,0.2840412616729736
24001,0.2621192216873169,0.2841458320617676
24051,0.2633008241653442,0.2861297845840454
24101,0.2644128084182739,0.2865645170211792
24151,0.2656399250030518,0.2877695560455322
24201,0.26747331619262693,0.2911171197891235
24251,0.26867601871490476,0.2916606903076172
24301,0.26915545463562013,0.2927598714828491
24351,0.27036736011505125,0.2946439504623413
24401,0.2714555740356445,0.2949645519256592
24451,0.27262799739837645,0.295484733581543
24501,0.27376058101654055,0.29783127307891843
24551,0.2749794006347656,0.2978580236434937
24601,0.27603960037231445,0.2995077848434448
24651,0.27716014385223386,0.3004459857940674
24701,0.27838821411132814,0.3019817352294922
24751,0.28010833263397217,0.3028981685638428
24801,0.2807168006896973,0.3042172431945801
24851,0.2818881034851074,0.30630195140838623
24901,0.283281946182251,0.30641398429870603
24951,0.2842595100402832,0.30713250637054446
25001,0.2854215860366821,0.30903210639953616
25051,0.2864596128463745,0.30979166030883787
25101,0.28797178268432616,0.3115859508514404
25151,0.28906123638153075,0.31266160011291505
25201,0.2903454065322876,0.334989333152771
25251,0.41672711372375487,0.3162290811538696
25301,0.29298360347747804,0.31797142028808595
25351,0.29398603439331056,0.3197232723236084
25401,0.29513309001922605,0.31845650672912595
25451,0.2963015079498291,0.32052786350250245
25501,0.29746460914611816,0.32282044887542727
25551,0.29866251945495603,0.3221279144287109
25601,0.29987525939941406,0.32365572452545166
25651,0.30110530853271483,0.3250959634780884
25701,0.3021820068359375,0.3286641836166382
25751,0.3039506196975708,0.32756364345550537
25801,0.3048338174819946,0.3288978815078735
25851,0.3062795877456665,0.3296122312545776
25901,0.3074749231338501,0.3317603826522827
25951,0.3085413217544556,0.33231277465820314
26001,0.309861946105957,0.3330406904220581
26051,0.3110137701034546,0.33521618843078616
26101,0.312310791015625,0.33710875511169436
26151,0.31343491077423097,0.3387202262878418
26201,0.31677496433258057,0.3399015188217163
26251,0.31610617637634275,0.3401022911071777
26301,0.31734230518341067,0.3433036804199219
26351,0.3185354948043823,0.34401583671569824
26401,0.3198099136352539,0.3460801601409912
26451,0.32139580249786376,0.34678990840911866
26501,0.3234491109848022,0.3475754737854004
26551,0.3235664129257202,0.34916071891784667
26601,0.3251155376434326,0.3502941131591797
26651,0.3263008832931519,0.3517130374908447
26701,0.32759277820587157,0.3543217658996582
26751,0.32883586883544924,0.3548649549484253
26801,0.33002338409423826,0.3559803247451782
26851,0.33234519958496095,0.3648483991622925
26901,0.3414480447769165,0.3620338201522827
26951,0.3400194406509399,0.3636061191558838
27001,0.3351920127868652,0.36127872467041017
27051,0.33650813102722166,0.3649091958999634
27101,0.3385657548904419,0.3636856317520142
27151,0.33892478942871096,0.36511199474334716
27201,0.3416678190231323,0.3659259080886841
27251,0.3417933940887451,0.36678805351257326
27301,0.34316158294677734,0.36920549869537356
27351,0.3444787263870239,0.37100706100463865
27401,0.3457149267196655,0.37182154655456545
27451,0.34700284004211424,0.3732387781143188
27501,0.349985933303833,0.37473719120025634
27551,0.3497974395751953,0.3752603054046631
27601,0.35106401443481444,0.37787652015686035
27651,0.3549173593521118,0.3826302051544189
27701,0.3561155557632446,0.37980380058288576
27751,0.35571401119232177,0.38095214366912844
27801,0.35800025463104246,0.38302853107452395
27851,0.368955135345459,0.39232678413391114
27901,0.37244813442230223,0.39409651756286623
27951,0.3659116983413696,0.39708542823791504
28001,0.36904523372650144,0.3971982479095459
28051,0.3682215929031372,0.3935966968536377
28101,0.3645678281784058,0.3916836977005005
28151,0.3658885955810547,0.3923930644989014
28201,0.3671722888946533,0.39391193389892576
28251,0.3683858633041382,0.39543590545654295
28301,0.3707488775253296,0.3971549510955811
28351,0.37144277095794676,0.3986041784286499
28401,0.37271900177001954,0.4001450061798096
28451,0.37393980026245116,0.40243747234344485
28501,0.37545223236083985,0.40392227172851564
28551,0.376761269569397,0.4049899339675903
28601,0.37801556587219237,0.4069581747055054
28651,0.3791802406311035,0.41137065887451174
28701,0.3809751272201538,0.4081937074661255
28751,0.38230009078979493,0.4096993923187256
28801,0.3850268840789795,0.4116194486618042
28851,0.38482065200805665,0.4132007837295532
28901,0.38673598766326905,0.4139029741287231
28951,0.39272246360778806,0.4153731107711792
29001,0.3894360542297363,0.417940092086792
29051,0.39163448810577395,0.4192587614059448
29101,0.3920710325241089,0.4199133157730103
29151,0.3935413837432861,0.42171177864074705
29201,0.40222456455230715,0.43395352363586426
29251,0.3991435766220093,0.42499585151672364
29301,0.39784247875213624,0.425736141204834
29351,0.43774406909942626,0.42676217555999757
29401,0.40110459327697756,0.4343757152557373
29451,0.40286524295806886,0.43008129596710204
29501,0.40365478992462156,0.4313754320144653
29551,0.40587260723114016,0.43256075382232667
29601,0.4062919616699219,0.4343862533569336
29651,0.4075940608978271,0.43552753925323484
29701,0.40924389362335206,0.4374848365783691
29751,0.4102949142456055,0.4404256820678711
29801,0.41216113567352297,0.4404629707336426
29851,0.4134144067764282,0.4416147947311401
29901,0.414961051940918,0.4429434299468994
29951,0.4162531137466431,0.4447669267654419
30001,0.4178669214248657,0.44602398872375487
30051,0.41925151348114015,0.4469804525375366
30101,0.4208124399185181,0.4529559135437012
30151,0.42296762466430665,0.4507128715515137
30201,0.42366762161254884,0.45224049091339114
30251,0.42513155937194824,0.4530624866485596
30301,0.4266716957092285,0.45512330532073975
30351,0.4280480146408081,0.45706636905670167
30401,0.42967202663421633,0.4597287178039551
30451,0.431008505821228,0.46018528938293457
30501,0.4332387685775757,0.46181037425994875
30551,0.43398323059082033,0.4641284942626953
30601,0.43523459434509276,0.4666438102722168
30651,0.4375274658203125,0.4672114610671997
30701,0.43852853775024414,0.4688640356063843
30751,0.439798641204834,0.4708083629608154
30801,0.44485881328582766,0.4728875637054443
30851,0.4429457426071167,0.47218201160430906
30901,0.4443840742111206,0.47398972511291504
30951,0.4626235246658325,0.5927037954330444
31001,0.44769294261932374,0.47748894691467286
31051,0.4507057428359985,0.4783761978149414
31101,0.45043411254882815,0.4814231157302856
31151,0.45252695083618166,0.4816534996032715
31201,0.45346789360046386,0.48492386341094973
31251,0.4546289682388306,0.48580012321472166
31301,0.4570875644683838,0.48719832897186277
31351,0.4577279329299927,0.48944275379180907
31401,0.4594818115234375,0.4923695087432861
31451,0.46136605739593506,0.49047930240631105
31501,0.46327896118164064,0.49315919876098635
31551,0.46407618522644045,0.4931690216064453
31601,0.46571285724639894,0.4961646556854248
31651,0.4670309066772461,0.49772522449493406
31701,0.46858274936676025,0.4990334749221802
31751,0.4712656021118164,0.5013153791427613
31801,0.471926212310791,0.5019871234893799
31851,0.47393097877502444,0.5026947736740113
31901,0.4749757289886475,0.505360746383667
31951,0.47631261348724363,0.5087431907653809
32001,0.47813830375671384,0.5089250564575195
32051,0.48200600147247313,0.51135094165802
32101,0.4813393592834473,0.5117841243743897
32151,0.4832744598388672,0.5131706237792969
32201,0.4840887784957886,0.5147460222244262
32251,0.4859087228775024,0.5165565967559814
32301,0.48766145706176756,0.5181468725204468
32351,0.5023420333862305,0.5218182325363159
32401,0.49112093448638916,0.5218472719192505
32451,0.49257469177246094,0.5233741044998169
32501,0.49377329349517823,0.5258036851882935
32551,0.4951894283294678,0.5269991874694824
32601,0.49673755168914796,0.5286636352539062
32651,0.5009384870529174,0.5312162876129151
32701,0.5002693176269531,0.532437014579773
32751,0.501797103881836,0.5340252161026001
32801,0.5034360885620117,0.5376474380493164
32851,0.5049719333648681,0.5378869295120239
32901,0.5215293645858765,0.5412134885787964
32951,0.5098351955413818,0.5559703350067139
33001,0.64016752243042,0.5495036125183106
33051,0.5125815391540527,0.5454611539840698
33101,0.514245581626892,0.5450475454330445
33151,0.5148275375366211,0.5515703678131103
33201,0.5166627168655396,0.5527794837951661
33251,0.5178816556930542,0.5512476682662963
33301,0.5197590112686157,0.5522752523422241
33351,0.5217512369155883,0.5538805246353149
33401,0.5228745698928833,0.5557228803634644
33451,0.5244608640670776,0.5563326835632324
33501,0.5275758981704712,0.560664176940918
33551,0.5277943134307861,0.5610215663909912
33601,0.5295228719711303,0.5620306491851806
33651,0.5310381174087524,0.5646443367004395
33701,0.532435131072998,0.5648669004440308
33751,0.534276795387268,0.5702921390533447
33801,0.5359192848205566,0.5688587903976441
33851,0.5378196239471436,0.5702337265014649
33901,0.5395449638366699,0.5734002590179443
33951,0.5409072637557983,0.574760127067566
34001,0.5428155899047852,0.5769715070724487
34051,0.5446965217590332,0.5787781476974487
34101,0.5459731101989747,0.5803710222244263
34151,0.5478097915649414,0.5795777320861817
34201,0.5499849319458008,0.5838290929794312
34251,0.5532717227935791,0.5847450017929077
34301,0.5554473161697387,0.5858055591583252
34351,0.5550809383392334,0.5888552665710449
34401,0.5561395168304444,0.5908509731292725
34451,0.5584090709686279,0.5913972139358521
34501,0.5594616174697876,0.5932005882263184
34551,0.5611390590667724,0.5961964845657348
34601,0.5632471561431884,0.5966288089752197
34651,0.5650477409362793,0.5988136768341065
34701,0.5665088653564453,0.599968147277832
34751,0.5682985067367554,0.6023316621780396
34801,0.5699045896530152,0.6076527595520019
34851,0.5720162868499756,0.6056617021560669
34901,0.5743058919906616,0.6077821254730225
34951,0.5749684572219849,0.6101203441619873
35001,0.5765430927276611,0.6110568284988404
35051,0.5788066864013672,0.6151365280151367
35101,0.580868148803711,0.6150773763656616
35151,0.5824376583099365,0.6165453433990479
35201,0.5834581136703492,0.6178278207778931
35251,0.5850857019424438,0.6207425832748413
35301,0.5869000196456909,0.6250161170959473
35351,0.5894145250320435,0.6228458404541015
35401,0.5916144371032714,0.6256098031997681
35451,0.5923831224441528,0.6292940378189087
35501,0.5941842079162598,0.6297973394393921
35551,0.595564866065979,0.6325220108032227
35601,0.5979079008102417,0.6319643259048462
35651,0.5992972612380981,0.6339881896972657
35701,0.6016468048095703,0.6360127925872803
35751,0.6031441211700439,0.6379101991653442
35801,0.6049116849899292,0.6424448966979981
35851,0.606654167175293,0.6424224138259887
35901,0.6090472221374512,0.6431700706481933
35951,0.6101759433746338,0.6458249092102051
36001,0.6115754127502442,0.6485703229904175
36051,0.6141327142715454,0.6484867811203003
36101,0.6156235694885254,0.6512237787246704
36151,0.6168723583221436,0.6529456853866578
36201,0.6187396049499512,0.6548930406570435
36251,0.6207604885101319,0.8068556547164917
36301,0.6250283718109131,0.658847427368164
36351,0.6249552249908448,0.6584508657455445
36401,0.6262672901153564,0.6619962453842163
36451,0.6279437065124511,0.6630764245986939
36501,0.6300225973129272,0.6669639110565185
36551,0.6315401315689086,0.6680130958557129
36601,0.6336901903152465,0.6698720932006836
36651,0.6357022762298584,0.671999454498291
36701,0.636901593208313,0.6920401334762574
36751,0.6432626008987427,0.6753912210464478
36801,0.6409098625183105,0.6777517318725585
36851,0.6424519777297973,0.6800735235214234
36901,0.6442899227142334,0.6824767589569092
36951,0.6464481353759766,0.6849351644515991
37001,0.6483078956604004,0.6851048707962036
37051,0.649755859375,0.68797607421875
37101,0.6516802310943604,0.6897763252258301
37151,0.6532389879226684,0.7120418787002564
37201,0.6589751958847045,0.6954143285751343
37251,0.6595289230346679,0.6953946828842164
37301,0.6589279174804688,0.6963114976882935
37351,0.6612108945846558,0.6981360912322998
37401,0.6631877899169922,0.7011197328567504
37451,0.6650686740875245,0.7036401271820069
37501,0.6663460016250611,0.7040286779403686
37551,0.6686999082565308,0.7056938409805298
37601,0.6702630043029785,0.7105977773666382
37651,0.6728381633758544,0.7091303110122681
37701,0.6742476940155029,0.7107710599899292
37751,0.676531195640564,0.7127421379089356
37801,0.6777817726135253,0.7148086547851562
37851,0.681111192703247,0.7180742502212525
37901,0.6816653490066529,0.7193209171295166
37951,0.6833540439605713,0.7209469079971313
38001,0.6850056886672974,0.7229469299316407
38051,0.6867842435836792,0.7277248620986938
38101,0.6892104864120483,0.7261350631713868
38151,0.6909959077835083,0.7282839775085449
38201,0.6924429416656495,0.7308634996414185
38251,0.6944914817810058,0.8820890665054322
38301,0.7406693458557129,0.7911385774612427
38351,0.7433495283126831,0.7826643943786621
38401,0.7006471633911133,0.7406100988388061
38451,0.7019339561462402,0.7420759916305542
38501,0.7051483154296875,0.7427102088928222
38551,0.706474757194519,0.7433736801147461
38601,0.7078241825103759,0.7459193229675293
38651,0.7110387563705445,0.7485125064849854
38701,0.7127832889556884,0.7494866847991943
38751,0.71388680934906,0.7513991117477417
38801,0.7166633129119873,0.7539537668228149
38851,0.7173504114151001,0.7589544773101806
38901,0.7205500125885009,0.7580972909927368
38951,0.7218555212020874,0.7604582071304321
39001,0.7235344409942627,0.7640961647033692
39051,0.7252060174942017,0.7676255702972412
39101,0.7405341863632202,0.7678632974624634
39151,0.7297652244567872,0.7688202857971191
39201,0.7321176528930664,0.7705629587173461
39251,0.7332007408142089,0.7750954627990723
39301,0.7366190910339355,0.7744433879852295
39351,0.7374677658081055,0.776840090751648
39401,0.8747728586196899,0.7876282930374146
39451,0.7433212757110595,0.7815537452697754
39501,0.744341516494751,0.7821794033050538
39551,0.746009349822998,0.7845675468444824
39601,0.7475116491317749,0.7875484466552735
39651,0.7492429971694946,0.7917415857315063
39701,0.7518388509750367,0.7916678667068482
39751,0.7546021223068238,0.7962118625640869
39801,0.754833984375,0.7949911594390869
39851,0.7667771816253662,0.7987086057662964
39901,0.7600125074386597,0.799316143989563
39951,0.7607021808624268,0.8012230634689331
40001,0.7630396127700806,0.8019472122192383
40051,0.7670459985733032,0.8077131509780884
40101,0.7675493240356446,0.8071798801422119
40151,0.7685702562332153,0.8097991228103638
40201,0.7710777044296264,0.8108706474304199
40251,0.7731258869171143,0.8136752605438232
40301,0.7756256103515625,0.8156738996505737
40351,0.777367353439331,0.8174861907958985
40401,0.7789437770843506,0.8187822818756103
40451,0.7856431245803833,0.8201737880706788
40501,0.7840682029724121,0.8243190526962281
40551,0.7853407859802246,0.8252350807189941
40601,0.7871079921722413,0.8279506444931031
40651,0.790134334564209,0.8302732467651367
40701,0.7917081356048584,0.8319740295410156
40751,0.7927603721618652,0.8338231325149537
40801,0.7971315622329712,0.8352987051010132
40851,0.7972939014434814,0.8394457340240479
40901,0.7995674133300781,0.8407528638839722
40951,0.801210904121399,0.8423093795776367
41001,0.8055280208587646,0.8457695484161377
41051,0.805901026725769,0.8491898536682129
41101,0.8075761318206787,0.850150728225708
41151,0.8094956159591675,0.8561026811599731
41201,0.8124146461486816,0.854448676109314
41251,0.8136969327926635,0.8560122013092041
41301,0.8155443668365479,0.8582878112792969
41351,0.8187129974365235,0.8619365453720093
41401,0.8204697132110595,0.8619310617446899
41451,0.822059440612793,0.8642604112625122
41501,0.8238069295883179,0.8686753988265992
41551,0.826473331451416,0.8689579248428345
41601,0.8282002449035645,0.8766427040100098
41651,0.8304564714431762,0.8730098724365234
41701,0.833092188835144,0.8757310390472413
41751,0.8348510980606079,0.8782901048660279
41801,0.8367133378982544,0.8789041996002197
41851,0.8382080078125,0.8842146873474122
41901,0.8411077499389649,0.883623743057251
41951,0.8429601192474365,0.884706449508667
42001,0.8447761774063111,0.8878339052200317
42051,0.8476512908935547,0.890042757987976
42101,0.8498806476593017,0.8913872003555298
42151,0.8514537334442138,0.8938771963119507
42201,0.853524899482727,0.89724702835083
42251,0.856299614906311,0.8987369298934936
42301,0.8577139616012573,0.9002915859222412
42351,0.8595522403717041,0.9030298471450806
42401,0.8630766153335572,0.9048645734786988
42451,0.8647125720977783,1.0234021902084351
42501,0.9278804540634156,0.9718031167984009
42551,0.9411198139190674,0.9788005113601684
42601,0.9274215698242188,0.9788159132003784
42651,0.8961837768554688,0.9204338788986206
42701,0.8756718635559082,0.9181392669677735
42751,0.8770344495773316,0.9201594829559326
42801,0.8855073928833008,0.923599123954773
42851,0.880778431892395,0.923072099685669
42901,0.88710618019104,0.9267311096191406
42951,0.8861429929733277,0.9302049160003663
43001,0.8870877981185913,0.9323022127151489
43051,0.890875768661499,0.9330377101898193
43101,0.8931564569473267,0.9370203256607056
43151,0.894375991821289,0.9370368242263794
43201,0.895976448059082,0.9448988437652588
43251,0.8984078884124755,0.9445666074752808
43301,0.9010622024536132,0.9461001396179199
43351,0.9025045871734619,0.9486994981765747
43401,0.9057788133621216,0.9487232446670533
43451,0.9071677207946778,0.9522184133529663
43501,0.9090059757232666,0.9538410902023315
43551,0.9148049592971802,0.9585639238357544
43601,0.9147448301315307,1.1020574569702148
43651,0.9797886133193969,1.0291228294372559
43701,0.9804162979125977,0.9945840120315552
43751,0.9224271535873413,0.9673679828643799
43801,0.9226813316345215,0.9675266981124878
43851,0.927275538444519,0.9704256534576416
43901,0.9282707691192627,0.9718126773834228
43951,0.9296752452850342,0.9736099720001221
44001,0.9330524206161499,0.9768366336822509
44051,0.9342975616455078,0.9804760456085205
44101,0.9362634181976318,0.9818542957305908
44151,0.9381021022796631,0.987578296661377
44201,0.9404068708419799,0.9862880706787109
44251,0.9422793865203858,0.987566328048706
44301,0.9451913833618164,0.9949360370635987
44351,0.947413444519043,0.9924129724502564
44401,0.9496893405914306,0.9943969249725342
44451,0.9513776063919067,1.0001970767974853
44501,0.954268503189087,1.0003745794296264
44551,0.9559636592864991,0.9995329856872559
44601,0.9583782434463501,1.0050662517547608
44651,0.9610885858535767,1.0056623458862304
44701,0.9629052162170411,1.0093477964401245
44751,0.967038631439209,1.011737871170044
44801,0.9679712772369384,1.0141053915023803
44851,0.9697527885437012,1.0156570434570313
44901,0.9918312549591064,1.0227266311645509
44951,0.9776458740234375,1.0183811902999877
45001,0.9764890670776367,1.0225790023803711
45051,0.9781681060791015,1.0287116765975952
45101,0.9821552991867065,1.0269495964050293
45151,0.9833519458770752,1.0304254055023194
45201,0.9857110023498535,1.0324014663696288
45251,0.9887047290802002,1.0350597381591797
45301,0.9905947923660279,1.037423586845398
45351,0.9920946359634399,1.0432951211929322
45401,0.9955130815505981,1.0425103187561036
45451,0.9965814352035522,1.0440860748291017
45501,0.9995417356491089,1.0478480815887452
45551,1.0024790287017822,1.048939037322998
45601,1.0041298151016236,1.052019429206848
45651,1.0061625719070435,1.0567159175872802
45701,1.0088621616363525,1.0559467792510986
45751,1.0110405921936034,1.0595832586288452
45801,1.0131015062332154,1.0625250101089478
45851,1.0158453226089477,1.0630386352539063
45901,1.0181990385055542,1.0673017978668213
45951,1.0209513902664185,1.0722282648086547
46001,1.0232028722763062,1.1983333110809327
46051,1.0262401819229126,1.0726833105087281
46101,1.0284047842025756,1.0740175724029541
46151,1.030622625350952,1.0774558782577515
46201,1.031346893310547,1.079501223564148
46251,1.0375605583190919,1.0810017824172973
46301,1.0379754066467286,1.0839084148406983
46351,1.038883090019226,1.0879693508148194
46401,1.0414557218551637,1.0888499021530151
46451,1.0437151670455933,1.0957597970962525
46501,1.0469884157180787,1.0966597080230713
46551,1.0488009691238402,1.0957980155944824
46601,1.0508948802947997,1.099035120010376
46651,1.052931308746338,1.1012184381484986
46701,1.0561968803405761,1.1039214372634887
46751,1.0576674461364746,1.1062590837478639
46801,1.063363289833069,1.106318998336792
46851,1.0629982948303223,1.1077723026275634
46901,1.0646944761276245,1.1124650955200195
46951,1.0681793928146361,1.1141993045806884
47001,1.0698352336883545,1.1161471128463745
47051,1.0876301765441894,1.1237919092178346
47101,1.0752293348312378,1.1219018936157226
47151,1.0768942356109619,1.271755075454712
47201,1.1346656322479247,1.1269072055816651
47251,1.085109782218933,1.1304961919784546
47301,1.084347677230835,1.132539939880371
47351,1.0895858764648438,1.1342894554138183
47401,1.0891432762145996,1.1354548454284668
47451,1.0908181190490722,1.1398478746414185
47501,1.0945409059524536,1.1407406806945801
47551,1.096410322189331,1.143356442451477
47601,1.0998927354812622,1.1509206533432006
47651,1.1015358924865724,1.1511120080947876
47701,1.1039040565490723,1.1553134679794312
47751,1.107110571861267,1.1555006980895997
47801,1.1080301761627198,1.1576207160949707
47851,1.1109136104583741,1.1668827056884765
47901,1.1136052131652832,1.1659993171691894
47951,1.1188390731811524,1.1672897815704346
48001,1.1185645818710328,1.1726845264434815
48051,1.121148705482483,1.1695700883865356
48101,1.1235454082489014,1.1732234239578248
48151,1.1646517753601073,1.2087159395217895
48201,1.132254385948181,1.1801020145416259
48251,1.131360650062561,1.1840495824813844
48301,1.1337095975875855,1.1828532695770264
48351,1.1381374835968017,1.186739706993103
48401,1.142191219329834,1.1891154766082763
48451,1.140930438041687,1.1918703079223634
48501,1.1422969341278075,1.1941251039505005
48551,1.145252537727356,1.19595205783844
48601,1.147941565513611,1.1985317707061767
48651,1.1528602361679077,1.2026434659957885
48701,1.1535897731781006,1.2043950319290162
48751,1.155188250541687,1.2092141151428222
48801,1.1584346294403076,1.209218406677246
48851,1.1601772069931031,1.2105682611465454
48901,1.1641061305999756,1.218643069267273
48951,1.165804672241211,1.356204891204834
49001,1.2532958984375,1.3107743501663207
49051,1.252914261817932,1.3072087526321412
49101,1.2146946668624878,1.2262076616287232
49151,1.1776904106140136,1.2552044868469239
49201,1.182286024093628,1.2410924434661865
49251,1.180337166786194,1.2354881286621093
49301,1.1900673866271974,1.2331953048706055
49351,1.1865177869796752,1.2361143350601196
49401,1.190433716773987,1.2400822401046754
49451,1.190113115310669,1.2438560724258423
49501,1.1923003435134887,1.2461813688278198
49551,1.1957979202270508,1.2493528842926025
49601,1.1984185934066773,1.2514512062072753
49651,1.203164267539978,1.2549286365509034
49701,1.202237105369568,1.255850338935852
49751,1.2051846504211425,1.260791826248169
49801,1.336359405517578,1.2617722988128661
49851,1.2129757881164551,1.2672993898391725
49901,1.213477373123169,1.2665410041809082
49951,1.2155441999435426,1.270537543296814
50001,1.2194763660430907,1.2704617738723756
50051,1.2209284067153932,1.284046220779419
50101,1.227135920524597,1.2831422328948974
50151,1.245026206970215,1.27875714302063
50201,1.22885000705719,1.281135129928589
50251,1.2322273969650268,1.2861499309539794
50301,1.2336546659469605,1.2869369983673096
50351,1.2405490636825562,1.2934354543685913
50401,1.2399102210998536,1.2966542959213256
50451,1.2407073974609375,1.2956611156463622
50501,1.2444392919540406,1.2965665817260743
50551,1.2464211225509643,1.3008540391921997
50601,1.2518683671951294,1.302052903175354
50651,1.2520928621292113,1.3045532941818236
50701,1.2537559509277343,1.310359811782837
50751,1.2574702501296997,1.310326886177063
50801,1.2589475393295289,1.3283803939819336
50851,1.2656181573867797,1.3149191617965699
50901,1.2647270202636718,1.3185417890548705
50951,1.2680758476257323,1.3231032848358155
51001,1.3059165000915527,1.4505057096481324
51051,1.2740676879882813,1.332121157646179
51101,1.2758416414260865,1.3289453268051148
51151,1.2769567012786864,1.3331980943679809
51201,1.280964207649231,1.3355080842971803
51251,1.2832491636276244,1.335691499710083
51301,1.2886101007461548,1.3396595239639282
51351,1.2886282205581665,1.3414697647094727
51401,1.2914294004440308,1.346662998199463
51451,1.293750286102295,1.3485538482666015
51501,1.2955641269683837,1.3551662921905518
51551,1.2999078512191773,1.3541643857955932
51601,1.3014434099197387,1.355464220046997
51651,1.3048490524291991,1.3604520320892335
51701,1.3070122480392456,1.3612579107284546
51751,1.3128035545349122,1.3660746812820435
51801,1.3116682052612305,1.3677207231521606
51851,1.3147532224655152,1.3793911457061767
51901,1.317861294746399,1.3728561639785766
51951,1.320052981376648,1.3790647983551025
52001,1.3238090038299561,1.3781260967254638
52051,1.3253299713134765,1.382225799560547
52101,1.3292117834091186,1.541882824897766
52151,1.3438113451004028,1.3887832880020141
52201,1.3361475706100463,1.3908637523651124
52251,1.3362916707992554,1.3917542457580567
52301,1.3399175167083741,1.3964388608932494
52351,1.3416170120239257,1.3970067977905274
52401,1.3474624633789063,1.4008976221084595
52451,1.3467468738555908,1.4023278951644897
52501,1.3637640953063965,1.4127423524856568
52551,1.3523397207260133,1.4085992574691772
52601,1.3544044733047484,1.4134877920150757
52651,1.3581576824188233,1.4349880933761596
52701,1.482662844657898,1.418426513671875
52751,1.3644183158874512,1.4200902223587035
52801,1.3656823873519897,1.4219799995422364
52851,1.3725496053695678,1.425595188140869
52901,1.3716421365737914,1.4282089233398438
52951,1.3755264759063721,1.4295865535736083
53001,1.3772947788238525,1.4682806730270386
53051,1.3840067386627197,1.4370442867279052
53101,1.3813860177993775,1.437868595123291
53151,1.3854084968566895,1.442693281173706
53201,1.388087773323059,1.4451555967330934
53251,1.3902333736419679,1.449880838394165
53301,1.3926477909088135,1.4510292053222655
53351,1.3957579612731934,1.4533469200134277
53401,1.399670147895813,1.4557672023773194
53451,1.4005724906921386,1.4625776767730714
53501,1.4046483516693116,1.4614179372787475
53551,1.4121841430664062,1.671436858177185
53601,1.502425456047058,1.5760644197463989
53651,1.5477991104125977,1.583769679069519
53701,1.5049495697021484,1.5732428550720214
53751,1.50494441986084,1.582166576385498
53801,1.5092133045196534,1.6442551374435426
53851,1.5231589555740357,1.5870874166488647
53901,1.514442777633667,1.6113657236099244
53951,1.5233950853347777,1.5907573699951172
54001,1.536811065673828,1.6017489433288574
54051,1.539215087890625,1.5971643924713135
54101,1.5714847326278687,1.6027985334396362
54151,1.5719425439834596,1.6139292478561402
54201,1.5402385711669921,1.605085587501526
54251,1.5383742809295655,1.5805542707443236
54301,1.454544758796692,1.5077097415924072
54351,1.4517078876495362,1.5138864040374755
54401,1.455051803588867,1.512489628791809
54451,1.4599191188812255,1.5152198553085328
54501,1.460253620147705,1.518673586845398
54551,1.4655832767486572,1.523454189300537
54601,1.4660370111465455,1.5235954761505126
54651,1.4703837394714356,1.5282273054122926
54701,1.4709544897079467,1.5282260179519653
54751,1.4747190713882445,1.5341336011886597
54801,1.4767649173736572,1.5370835542678833
54851,1.4820880174636841,1.5392100095748902
54901,1.4827682971954346,1.5411101579666138
54951,1.4861852884292603,1.5457308530807494
55001,1.4888573169708252,1.5465612411499023
55051,1.7089001655578613,1.574909520149231
55101,1.494433879852295,1.5543061017990112
55151,1.4977150201797484,1.5571776390075684
55201,1.5000102758407592,1.5589527130126952
55251,1.5059709072113037,1.5618002653121947
55301,1.504746174812317,1.5655592679977417
55351,1.5093228578567506,1.5668756723403932
55401,1.5110929965972901,1.572042465209961
55451,1.5141216039657592,1.5739050388336182
55501,1.5161852836608887,1.5928374767303466
55551,1.5205517292022706,1.579478144645691
55601,1.5238799810409547,1.5841115713119507
55651,1.5268251419067382,1.585460638999939
55701,1.5282280206680299,1.5892322301864623
55751,1.5323487281799317,1.591878318786621
55801,1.533027744293213,1.597917103767395
55851,1.5375937938690185,1.598503541946411
55901,1.5388023138046265,1.6010755062103272
55951,1.5424967050552367,1.6048591136932373
56001,1.545357060432434,1.6104214668273926
56051,1.549017071723938,1.6093412160873413
56101,1.5516481876373291,1.6133315563201904
56151,1.5538049697875977,1.6167909383773804
56201,1.5592056035995483,1.6195812940597534
56251,1.5591461181640625,1.6251185417175293
56301,1.5640454530715941,1.624700903892517
56351,1.5659124612808228,1.6266098737716674
56401,1.572513794898987,1.6301296949386597
56451,1.5710721731185913,1.6341360092163086
56501,1.5756781101226807,1.6456253051757812
56551,1.5970321893692017,1.6457682132720948
56601,1.6288537740707398,1.657183003425598
56651,1.594695472717285,1.6472769260406495
56701,1.5905286073684692,1.665247917175293
56751,1.6110504388809204,1.67268705368042
56801,1.5966482400894164,1.6656671047210694
56851,1.6015225172042846,1.6598184823989868
56901,1.6043099164962769,1.6614953517913817
56951,1.6053837776184081,1.6629509210586548
57001,1.6089793920516968,1.672628140449524
57051,1.6129940509796143,1.6703490972518922
57101,1.613878035545349,1.6732916116714478
57151,1.6165332078933716,1.6764564990997315
57201,1.6238019466400146,1.6789143800735473
57251,1.6235450029373169,1.68550386428833
57301,1.6270738124847413,1.6860393285751343
57351,1.6286956548690796,1.690659999847412
57401,1.6346856832504273,1.6947290182113648
57451,1.6358909606933594,1.6954701900482179
57501,1.639935851097107,1.6984867811203004
57551,1.6419593811035156,1.7068245172500611
57601,1.6441426753997803,1.7038751602172852
57651,1.648160696029663,1.7077108144760131
57701,1.6484379053115845,1.7088396787643432
57751,1.6561246395111084,1.7216411352157592
57801,1.6560948133468627,1.7162777185440063
57851,1.6613561868667603,1.719900941848755
57901,1.6627444267272948,1.7271624088287354
57951,1.6658259868621825,1.7274316787719726
58001,1.6683939456939698,1.7294329881668091
58051,1.671170949935913,1.7308289766311646
58101,1.677669095993042,1.735038161277771
58151,1.6764529705047608,1.7406213521957397
58201,1.6813756704330445,1.7424654006958007
58251,1.6849558353424072,1.748104977607727
58301,1.6868794918060304,1.7477474212646484
58351,1.6901618003845216,1.751465630531311
58401,1.6921247720718384,1.7543923616409303
58451,1.6982335329055787,1.7571169137954712
58501,1.6988576173782348,1.760639762878418
58551,1.70173122882843,1.760862898826599
58601,1.705989408493042,1.7699889183044433
58651,1.709394907951355,1.7692196369171143
58701,1.7116355180740357,1.7735620021820069
58751,1.7127925634384156,1.7741689205169677
58801,1.722472333908081,1.7820271492004394
58851,1.7211343050003052,1.7843849420547486
58901,1.7239414215087892,1.7861792325973511
58951,1.7264238595962524,1.7887092590332032
59001,1.729129695892334,1.791481328010559
59051,1.7329519033432006,1.7962828636169434
59101,1.7362537622451781,1.7998285055160523
59151,1.740676212310791,1.7981852054595948
59201,1.741978120803833,1.806987500190735
59251,1.7455536603927613,1.8041537761688233
59301,1.7518722057342528,1.809600257873535
59351,1.7510243654251099,1.8470567226409913
59401,1.7580272674560546,1.8162092447280884
59451,1.7568790197372437,1.828601360321045
59501,1.7615512609481812,1.8219303846359254
59551,1.7646036386489867,1.826468276977539
59601,1.7655432224273682,1.8277024030685425
59651,1.7736578226089477,1.8310083627700806
59701,1.7720879077911378,1.8377968788146972
59751,1.7754618883132935,1.8362504959106445
59801,1.7822527647018434,1.8429415941238403
59851,1.7833783149719238,1.8464580059051514
59901,1.7874458074569701,1.8491899251937867
59951,1.7880722284317017,1.8569253206253051
60001,1.7924558877944947,1.8516139268875123
60051,1.8052747011184693,1.85972158908844
60101,1.799003291130066,1.8648338794708252
60151,1.8033644676208496,1.865952157974243
60201,1.8039302825927734,1.8718981981277465
60251,1.8094110488891602,1.8716991901397706
60301,1.813012719154358,1.8736351013183594
60351,1.8135428428649902,1.8796273231506349
60401,1.8178696870803832,1.8793614864349366
60451,1.8196484327316285,1.8854442358016967
60501,1.8238363027572633,1.8877953052520753
60551,1.8309535264968873,1.8882888078689575
60601,1.830053687095642,1.8970227479934691
60651,1.833516812324524,1.8964588165283203
60701,1.8393878936767578,1.9013327598571776
60751,1.8375937938690186,1.9035876035690307
60801,1.8441234827041626,1.9065335750579835
60851,1.8454326152801515,1.9138054847717285
60901,1.8494837284088135,1.9126784563064576
60951,1.8518241882324218,1.9145155429840088
61001,1.856923270225525,1.9416226148605347
61051,1.8582507133483888,1.9209814548492432
61101,1.8634807586669921,1.9261871099472045
61151,1.8642167568206787,1.9298660516738892
61201,1.8688469409942627,1.9310552835464478
61251,1.872661018371582,1.9353127956390381
61301,1.872803020477295,1.9395116806030273
61351,1.880590009689331,1.940128755569458
61401,1.8796056032180786,1.9472276210784911
61451,1.8832258939743043,1.9474060773849486
61501,1.8896374225616455,1.9517494440078735
61551,1.8901880025863647,1.955670428276062
61601,1.893070888519287,1.9575391054153441
61651,1.8999255657196046,1.9581595420837403
61701,1.9022793531417848,1.9680289506912232
61751,1.903102493286133,1.9676473140716553
61801,1.9083887815475464,1.9717050552368165
61851,1.909518051147461,1.9754021406173705
61901,1.914670968055725,1.9749123096466064
61951,1.9201886653900146,1.9827203512191773
62001,1.9199169397354126,1.981939959526062
62051,1.9260918617248535,1.9878700733184815
62101,1.9256101608276368,1.9975260972976685
62151,1.9291237831115722,1.993713927268982
62201,1.9339003801345824,1.9976189374923705
62251,1.9354081392288207,2.0068997859954836
62301,1.93909809589386,2.0037139892578124
62351,1.9428645372390747,2.009057378768921
62401,1.946106219291687,2.0177130699157715
62451,1.949476408958435,2.015684485435486
62501,1.9566746711730958,2.0175355434417725
62551,1.955562424659729,2.022825908660889
62601,1.9605007886886596,2.024807000160217
62651,1.96552631855011,2.0291576385498047
62701,1.9667765378952027,2.034543442726135
62751,1.9683709859848022,2.034602975845337
62801,1.9732840061187744,2.04057240486145
62851,1.9771042346954346,2.0455366134643556
62901,1.9782129764556884,2.0497171878814697
62951,1.9823995113372803,2.0500128269195557
63001,1.985928440093994,2.059627103805542
63051,1.9895793914794921,2.053885793685913
63101,1.99328670501709,2.0593539476394653
63151,1.9947767734527588,2.0811733484268187
63201,1.9985713005065917,2.061982750892639
63251,2.0025928735733034,2.068780612945557
63301,2.0065770149230957,2.076224517822266
63351,2.0078439950942992,2.0759756088256838
63401,2.0148597955703735,2.0781787157058718
63451,2.01822509765625,2.0836395740509035
63501,2.0191455125808715,2.085915040969849
63551,2.023558735847473,2.091207504272461
63601,2.028337502479553,2.091161608695984
63651,2.029517078399658,2.097602891921997
63701,2.0335773229599,2.1006796598434447
63751,2.037268543243408,2.103079676628113
63801,2.039230728149414,2.1074512720108034
63851,2.043182301521301,2.1115615606307983
63901,2.050712823867798,2.1268829584121702
63951,2.065659689903259,2.1179402112960815
64001,2.0525333881378174,2.1205357789993284
64051,2.059647560119629,2.1207121133804323
64101,2.058999490737915,2.132222032546997
64151,2.0626319646835327,2.13344829082489
64201,2.0668542623519897,2.134484338760376
64251,2.0698466539382934,2.139772415161133
64301,2.0732153415679933,2.1469669103622437
64351,2.077135944366455,2.144383120536804
64401,2.080562949180603,2.151029133796692
64451,2.08406457901001,2.1540327310562133
64501,2.0862164974212645,2.1571996212005615
64551,2.0918606758117675,2.1583429336547852
64601,2.0975939273834228,2.1663232326507567
64651,2.0961187362670897,2.1655310153961183
64701,2.1024401664733885,2.167636680603027
64751,2.1064998865127564,2.173029136657715
64801,2.1067747354507445,2.1796022176742555
64851,2.112232232093811,2.1800772905349732
64901,2.1175915956497193,2.1832029581069947
64951,2.1178089141845704,2.188398504257202
65001,2.1189387321472166,2.192468690872192
65051,2.1240744590759277,2.194360136985779
65101,2.12851722240448,2.19720196723938
65151,2.129787278175354,2.2179533004760743
65201,2.1346479415893556,2.2084864139556886
65251,2.138763427734375,2.209438443183899
65301,2.1445693254470823,2.2099231719970702
65351,2.143765926361084,2.217148184776306
65401,2.150655007362366,2.2198288202285767
65451,2.1544524669647216,2.2227439880371094
65501,2.155830407142639,2.2281781673431396
65551,2.157378363609314,2.2311266899108886
65601,2.1632457256317137,2.230668878555298
65651,2.165729022026062,2.234677028656006
65701,2.1697681188583373,2.242563509941101
65751,2.172175908088684,2.2426259994506834
65801,2.176653289794922,2.248165988922119
65851,2.1814156770706177,2.251171588897705
65901,2.1833532094955443,2.254889464378357
65951,2.1858115196228027,2.2566974639892576
66001,2.194350838661194,2.2595115184783934
66051,2.1947399854660032,2.263356924057007
66101,2.198330807685852,2.2716525077819822
66151,2.200295662879944,2.271337962150574
66201,2.207351493835449,2.2754306554794312
66251,2.210880446434021,2.2835933685302736
66301,2.211408090591431,2.2859786987304687
66351,2.2136606693267824,2.285029911994934
66401,2.2222798347473143,2.2890386819839477
66451,2.2229616165161135,2.2962203502655028
66501,2.225801682472229,2.2982264280319216
66551,2.2280725955963137,2.3007598161697387
66601,2.235687017440796,2.3028281927108765
66651,2.237026023864746,2.3081034421920776
66701,2.2406556844711303,2.3137024879455566
66751,2.242656636238098,2.312403607368469
66801,2.2501449823379516,2.316408610343933
66851,2.249861550331116,2.323868227005005
66901,2.2528206586837767,2.3313981771469114
66951,2.2565701484680174,2.3305864334106445
67001,2.2602733373641968,2.3335814237594605
67051,2.280781865119934,2.336945819854736
67101,2.267712044715881,2.3412357807159423
67151,2.2706340551376343,2.3472795486450195
67201,2.2740994453430177,2.3478506803512573
67251,2.278721737861633,2.3543254137039185
67301,2.2873246908187865,2.356052827835083
67351,2.284296917915344,2.3607620716094972
67401,2.2963266372680664,2.360915756225586
67451,2.2974287033081056,2.3657078981399535
67501,2.2987314462661743,2.3691501379013062
67551,2.299466609954834,2.3807135105133055
67601,2.3024105072021483,2.3765335083007812
67651,2.3074378490448,2.3783228158950807
67701,2.3242931604385375,2.3844734907150267
67751,2.3161612033843992,2.3890772104263305
67801,2.316394805908203,2.3977182865142823
67851,2.3249257087707518,2.4002955198287963
67901,2.355842447280884,2.408559799194336
67951,2.333234262466431,2.4040255308151246
68001,2.334127688407898,2.4144563913345336
68051,2.3356075525283813,2.414735531806946
68101,2.342682194709778,2.41336829662323
68151,2.3616991519927977,2.417246603965759
68201,2.355155420303345,2.4625515937805176
68251,2.3503857135772703,2.429783487319946
68301,2.356424880027771,2.428909158706665
68351,2.3631449937820435,2.4358130216598513
68401,2.3659597396850587,2.439513683319092
68451,2.3672760248184206,2.4398504972457884
68501,2.370762801170349,2.4530380725860597
68551,2.3706767082214357,2.450999140739441
68601,2.3778042554855348,2.456187391281128
68651,2.387436628341675,2.4646125555038454
68701,2.3891298294067385,2.4655828714370727
68751,2.388382077217102,2.470828413963318
68801,2.3897516250610353,2.4728780508041384
68851,2.3964071750640867,2.4727546691894533
68901,2.39997022151947,2.4743813991546633
68951,2.405023622512817,2.4789000749588013
69001,2.4086408376693726,2.4879852056503298
69051,2.4089990139007567,2.4886627912521364
69101,2.4195100545883177,2.4936200380325317
69151,2.419054412841797,2.5004562616348265
69201,2.421576189994812,2.4998588800430297
69251,2.431085968017578,2.499558424949646
69301,2.4281586408615112,2.509369158744812
69351,2.4323707103729246,2.512508678436279
69401,2.4356066942214967,2.5173059701919556
69451,2.441399431228638,2.51808614730835
69501,2.44535915851593,2.5215382099151613
69551,2.447607731819153,2.5238362550735474
69601,2.451398229598999,2.5368200540542603
69651,2.455224084854126,2.5326987743377685
69701,2.4589629888534548,2.5423202753067016
69751,2.4743943214416504,2.5432226181030275
69801,2.474807929992676,2.550749897956848
69851,2.4727028369903565,2.545440101623535
69901,2.4727151870727537,2.553158974647522
69951,2.479055905342102,2.554140639305115
70001,2.488975191116333,2.5573891162872315
70051,2.4858355283737184,2.5632193088531494
70101,2.491938924789429,2.5641246795654298
70151,2.4929615020751954,2.572245407104492
70201,2.5047078847885134,2.576617407798767
70251,2.5068859577178957,2.5832413911819456
70301,2.5046449184417723,2.584173011779785
70351,2.508840799331665,2.586119532585144
70401,2.5157389402389527,2.588908553123474
70451,2.517874574661255,2.5947827339172362
70501,2.5409785985946653,2.5986173152923584
70551,2.5319968461990356,2.6055683135986327
70601,2.528055477142334,2.606561875343323
70651,2.5388031959533692,2.6174880504608153
70701,2.5357862949371337,2.610497164726257
70751,2.5470444679260256,2.6236334323883055
70801,2.5443563938140867,2.6185211420059202
70851,2.5523383378982545,2.6270960330963136
70901,2.5497917890548707,2.629433798789978
70951,2.5529927730560305,2.638146471977234
71001,2.562720274925232,2.650689148902893
71051,2.5649436712265015,2.6382166862487795
71101,2.5744139194488525,2.644595909118652
71151,2.573933243751526,2.652039575576782
71201,2.5760117769241333,2.654105281829834
71251,2.579982542991638,2.6622092485427857
71301,2.582376217842102,2.662340188026428
71351,2.584123706817627,2.6719640493392944
71401,2.5908105850219725,2.701542544364929
71451,2.5953731536865234,2.6751773834228514
71501,2.601881766319275,2.6756532907485964
71551,2.600596857070923,2.6821769952774046
71601,2.606024384498596,2.684663772583008
71651,2.6106894254684447,2.6860628843307497
71701,2.611356425285339,2.695102500915527
71751,2.6165451765060426,2.6962012529373167
71801,2.620432996749878,2.7005924463272093
71851,2.62340362071991,2.706695818901062
71901,2.6269965171813965,2.7063586711883545
71951,2.6293381214141847,2.70947847366333
72001,2.6389408826828005,2.716500973701477
72051,2.6415402412414553,2.7228681802749635
72101,2.6631274938583376,2.7215991258621215
72151,2.6478715896606446,2.73154993057251
72201,2.6632999897003176,2.749371385574341
72251,2.6552997827529907,2.742997074127197
72301,2.661875009536743,2.7423863410949707
72351,2.6617003679275513,2.7409935712814333
72401,2.6668316602706907,2.7442495584487916
72451,2.6732346773147584,2.7495275020599363
72501,2.679367923736572,2.7550572633743284
72551,2.6813347578048705,2.7600556373596192
72601,2.6814959764480593,2.762868857383728
72651,2.685499358177185,2.771481490135193
72701,2.6896368503570556,2.7736608028411864
72751,2.6954232454299927,2.776756501197815
72801,2.6985037088394166,2.778219723701477
72851,2.7028292655944823,2.787295961380005
72901,2.7068132638931273,2.793442177772522
72951,2.710582804679871,2.7904877185821535
73001,2.71791729927063,2.7969533681869505
73051,2.7182735919952394,2.8024877309799194
73101,2.7250468730926514,2.801710057258606
73151,2.7281767606735228,2.8087828874588014
73201,2.7329071044921873,2.811688446998596
73251,2.733318901062012,2.8180212020874023
73301,2.737322235107422,2.825282406806946
73351,2.7426198005676268,2.8259713649749756
73401,2.7443184852600098,2.8301437139511108
73451,2.752415680885315,2.842884397506714
73501,2.7545194387435914,2.8361051082611084
73551,2.758494663238525,2.8412531137466432
73601,2.763724446296692,2.8452794313430787
73651,2.784607434272766,2.846225714683533
73701,2.77173228263855,2.8518279075622557
73751,2.7781503200531006,2.857523703575134
73801,2.77809476852417,2.859043836593628
73851,2.7845781326293944,2.865810990333557
73901,2.7861247062683105,2.8695934534072878
73951,2.7921661853790285,2.877210593223572
74001,2.794174313545227,2.8777443170547485
74051,2.7980629444122314,2.8846070766448975
74101,2.8023588180541994,2.88597457408905
74151,2.804635453224182,2.893444037437439
74201,2.8154796838760374,2.8911107778549194
74251,2.8134408712387087,2.899866485595703
74301,2.819559192657471,2.9015087366104124
74351,2.8222359895706175,2.9093791961669924
74401,2.8249019384384155,2.909637951850891
74451,2.8312392950057985,2.9170846223831175
74501,2.834940695762634,2.923628807067871
74551,2.8384365797042848,2.9236820459365847
74601,2.846487832069397,2.9557518482208254
74651,2.847885179519653,2.933902215957642
74701,2.8578914165496827,2.933180093765259
74751,2.856516146659851,2.937034821510315
74801,2.8614945650100707,2.9432297945022583
74851,2.864262890815735,2.948641061782837
74901,2.869308018684387,2.949451971054077
74951,2.8708884716033936,2.9588045120239257
75001,2.8785569190979006,3.0055603981018066
75051,2.8960227251052855,2.9667934656143187
75101,2.913145589828491,2.9676416873931886
75151,2.8870275020599365,2.972186064720154
75201,2.893319606781006,2.9771512031555174
75251,2.8969210147857667,2.9826416254043577
75301,2.9059813737869264,2.988596796989441
75351,2.9046228885650636,2.992127299308777
75401,2.910369038581848,2.993556594848633
75451,2.9093127250671387,2.9994257926940917
75501,2.9160992383956907,3.011484217643738
75551,2.921232056617737,3.0091344594955443
75601,2.9264749765396116,3.0128152132034303
75651,2.9290836334228514,3.01323664188385
75701,2.9315563440322876,3.026652193069458
75751,2.934503436088562,3.023532438278198
75801,2.9411118984222413,3.0308440685272218
75851,2.9449838638305663,3.0328450202941895
75901,2.9483071327209474,3.0419484853744505
75951,2.9522945642471314,3.041497993469238
76001,2.956434631347656,3.0498324632644653
76051,2.9610056400299074,3.0470657110214234
76101,2.964012789726257,3.05833215713501
76151,2.9698492288589478,3.061891961097717
76201,2.9742228269577025,3.061078095436096
76251,2.9790504455566404,3.065098214149475
76301,2.980467200279236,3.073682928085327
76351,2.9867226839065553,3.072615456581116
76401,2.992921805381775,3.0804574966430662
76451,2.994435930252075,3.086488461494446
76501,3.000205874443054,3.107103133201599
76551,3.0040810823440554,3.089965033531189
76601,3.0102855443954466,3.095380663871765
76651,3.0134588479995728,3.145031189918518
76701,3.0196612596511843,3.1139257907867433
76751,3.0242953062057496,3.1053109407424926
76801,3.0237632751464845,3.114297604560852
76851,3.0320563077926637,3.1159254550933837
76901,3.0344712018966673,3.121422004699707
76951,3.045258617401123,3.1260906934738157
77001,3.041916346549988,3.1314848184585573
77051,3.0460300922393797,3.134098672866821
77101,3.050453948974609,3.136830186843872
77151,3.0556367874145507,3.140938878059387
77201,3.059010219573975,3.144830274581909
77251,3.064483904838562,3.1502442359924316
77301,3.068200206756592,3.156792974472046
77351,3.073919486999512,3.1579633712768556
77401,3.0779471397399902,3.1617263078689577
77451,3.0821415424346923,3.1676183462142946
77501,3.0842436075210573,3.1756112813949584
77551,3.1163641691207884,3.18172345161438
77601,3.091817092895508,3.1842283725738527
77651,3.097314739227295,3.1841388463974
77701,3.100538659095764,3.1944332838058473
77751,3.105497431755066,3.201065754890442
77801,3.1082667112350464,3.199942684173584
77851,3.1128276109695436,3.2200826168060304
77901,3.11778838634491,3.2097983837127684
77951,3.1269047260284424,3.212165379524231
78001,3.1287692070007322,3.2145501136779786
78051,3.132142758369446,3.2300534009933473
78101,3.1395941257476805,3.2240110635757446
78151,3.145346450805664,3.2274025201797487
78201,3.1456398725509644,3.2326377391815186
78251,3.1554483652114866,3.2366485357284547
78301,3.1565751791000367,3.238200807571411
78351,3.1614289045333863,3.2501306772232055
78401,3.161013388633728,3.2498345613479613
78451,3.166527438163757,3.253965425491333
78501,3.1699944972991942,3.2605268001556396
78551,3.1718722343444825,3.26711528301239
78601,3.1783631801605225,3.2702883005142214
78651,3.1805257320404055,3.281437373161316
78701,3.185736966133118,3.275000286102295
78751,3.194474768638611,3.2840920448303224
78801,3.196335697174072,3.284742259979248
78851,3.2030361175537108,3.2881248235702514
78901,3.20529305934906,3.2958593368530273
78951,3.2116650581359862,3.3005856037139893
79001,3.2131465911865233,3.3103103637695312
79051,3.218381428718567,3.3101053476333617
79101,3.222779631614685,3.3164021492004396
79151,3.2265008687973022,3.3340549230575562
79201,3.2304576873779296,3.32294704914093
79251,3.2342366695404055,3.333807587623596
79301,3.2422197341918944,3.3291332483291627
79351,3.2425803184509276,3.338401746749878
79401,3.2529882431030273,3.3383489847183228
79451,3.254803466796875,3.3453174591064454
79501,3.2595746517181396,3.3471976041793825
79551,3.2603997468948362,3.3545077562332155
79601,3.2652482271194456,3.357280158996582
79651,3.269256281852722,3.362756538391113
79701,3.2716383218765257,3.368